,Customer_ID,Name,Email,Date,Domain
0,30192.0,Scott Jensen,Shane85@gmail.com,2023-04-26,@gmail.com
1,41289.0,Ryan Johnson,Haley12@gmail.com,2023-09-21,@gmail.com
2,97285.0,Erin Lewis,Arthur76@gmail.com,2023-06-26,@gmail.com
3,26603.0,Angela Fields,Tanya94@gmail.com,2023-03-24,@gmail.com
4,19136.0,Jonathan Eaton,Mark38@gmail.com,2023-07-20,@gmail.com
5,66883.0,Brianna Oconnor,David47@gmail.com,2023-06-21,@gmail.com
6,98300.0,Andrew Guzman,Eric76@gmail.com,2023-11-18,@gmail.com
7,64995.0,Justin Lara,Jacob26@gmail.com,2023-06-15,@gmail.com
8,71803.0,Alicia Knight,Jennifer1@gmail.com,2023-04-14,@gmail.com
9,40654.0,Sara Rogers,Jeff99@gmail.com,2023-10-24,@gmail.com
10,42165.0,Daniel Hutchinson,Oscar54@gmail.com,2023-03-21,@gmail.com
11,48869.0,Ashley Watson,Christine23@gmail.com,2023-05-31,@gmail.com
12,99870.0,Timothy Benton,Thomas4@gmail.com,2024-02-27,@gmail.com
13,47037.0,Mike Christensen,Olivia95@gmail.com,2023-04-20,@gmail.com
14,42540.0,Robin Jackson,James3@gmail.com,2023-04-22,@gmail.com
15,55388.0,Yolanda Martin,Emily94@gmail.com,2023-06-21,@gmail.com
16,90935.0,Raymond Avila,Christopher4@gmail.com,2023-11-26,@gmail.com
17,65701.0,Christopher Lopez,Derrick51@gmail.com,2023-05-22,@gmail.com
18,23713.0,Brent Gonzalez,Steven94@gmail.com,2023-06-29,@gmail.com
19,66911.0,Anne Dominguez,Christian61@gmail.com,2023-12-16,@gmail.com
20,31767.0,Brittany Ross,Lindsey16@gmail.com,2024-02-16,@gmail.com
21,96840.0,Susan Thomas,Bonnie80@gmail.com,2023-10-29,@gmail.com
22,25848.0,Emma Palmer,Lisa7@gmail.com,2024-02-21,@gmail.com
23,91172.0,Amanda Decker,Heather92@gmail.com,2023-03-17,@gmail.com
24,62464.0,Michele Johnson,Melissa70@gmail.com,2023-12-14,@gmail.com
25,74096.0,Robert Warren,Hannah73@gmail.com,2023-06-19,@gmail.com
26,21399.0,Mario Smith,Joshua69@gmail.com,2023-03-16,@gmail.com
27,39757.0,Lauren Hayes,Haley88@gmail.com,2023-07-16,@gmail.com
28,90189.0,Maria Tucker,Amber14@gmail.com,2023-04-19,@gmail.com
29,19303.0,Rachel Hobbs,Daniel23@gmail.com,2023-03-15,@gmail.com
30,71257.0,Bryan Edwards,Gregory3@gmail.com,2023-07-25,@gmail.com
31,50574.0,James Church,Andrew57@gmail.com,2023-10-17,@gmail.com
32,81200.0,Tony Moon,Brandon73@gmail.com,2023-06-27,@gmail.com
33,21381.0,Stanley Quinn,April67@gmail.com,2023-11-26,@gmail.com
34,71121.0,Heather Sloan,Taylor13@gmail.com,2024-02-18,@gmail.com
35,64722.0,Richard Morales,Elizabeth40@gmail.com,2024-02-22,@gmail.com
36,80071.0,Patricia Reese,Stephanie24@gmail.com,2023-09-17,@gmail.com
37,51980.0,Victoria Short,Jessica97@gmail.com,2023-06-20,@gmail.com
38,11397.0,Tracy Baxter,Richard53@gmail.com,2023-08-31,@gmail.com
39,35966.0,Jennifer Wright,Michael69@gmail.com,2024-02-20,@gmail.com
40,56726.0,Scott Sampson II,Zachary50@gmail.com,2023-07-23,@gmail.com
41,79052.0,Richard Hodge,Melissa21@gmail.com,2023-11-14,@gmail.com
42,63629.0,Mary Lawson,Kelly99@gmail.com,2023-03-23,@gmail.com
43,73823.0,Sarah Chase,Amber47@gmail.com,2023-11-23,@gmail.com
44,28956.0,Christopher Adams,Jason63@gmail.com,2023-08-18,@gmail.com
45,21444.0,Robert Perez,Robert89@gmail.com,2023-10-30,@gmail.com
46,50100.0,Penny Harris,Sarah100@gmail.com,2024-01-13,@gmail.com
47,65961.0,Erik Medina,Amanda64@gmail.com,2023-07-22,@gmail.com
48,70067.0,Ashley Adams,Danielle47@gmail.com,2023-07-19,@gmail.com
49,55594.0,Tara Hawkins,Melvin34@gmail.com,2023-11-13,@gmail.com
50,96720.0,Robert Torres,Monica6@gmail.com,2023-03-22,@gmail.com
51,22945.0,Jessica Burke,John100@gmail.com,2024-01-26,@gmail.com
52,15757.0,Mr. Evan Sutton,Jasmine27@gmail.com,2023-06-28,@gmail.com
53,74649.0,Courtney Perry,Tina32@gmail.com,2023-04-19,@gmail.com
54,51279.0,Roy Obrien,John3@gmail.com,2023-12-21,@gmail.com
55,70655.0,Renee Banks,Cassandra10@gmail.com,2023-08-25,@gmail.com
56,86785.0,Todd Hernandez,Randy87@gmail.com,2023-05-16,@gmail.com
57,94652.0,Elizabeth Fisher,Joseph95@gmail.com,2023-12-17,@gmail.com
58,67949.0,Martin Giles,Jonathan55@gmail.com,2024-02-20,@gmail.com
59,38862.0,Nicholas Nelson,Anthony86@gmail.com,2023-11-16,@gmail.com
60,72626.0,Daniel Morgan,Jacob10@gmail.com,2024-01-25,@gmail.com
61,45455.0,Katherine Stuart,Megan75@gmail.com,2023-07-25,@gmail.com
62,26736.0,Danielle May,Darrell77@gmail.com,2023-08-30,@gmail.com
63,77875.0,Monica Peterson,Frederick4@gmail.com,2024-01-14,@gmail.com
64,50126.0,Brianna Murray,Anthony39@gmail.com,2023-12-20,@gmail.com
65,28128.0,Mark Frazier,Alexis30@gmail.com,2024-02-23,@gmail.com
66,41336.0,Nathan Estrada,Jill65@gmail.com,2024-01-17,@gmail.com
67,90603.0,Kristen Vazquez,Samantha66@gmail.com,2023-03-19,@gmail.com
68,88294.0,Rhonda Parsons,Gary99@gmail.com,2023-06-15,@gmail.com
69,31054.0,Judy Green,Travis60@gmail.com,2023-12-15,@gmail.com
70,27353.0,Mrs. Maria Patrick,Sarah54@gmail.com,2023-10-30,@gmail.com
71,65334.0,Sherri Chambers,Emily43@gmail.com,2023-11-15,@gmail.com
72,83016.0,Shannon Lopez MD,Erin3@gmail.com,2023-12-19,@gmail.com
73,40624.0,Trevor Walker,Tyler30@gmail.com,2023-03-13,@gmail.com
74,66428.0,Jacob Arnold,Lawrence24@gmail.com,2023-11-28,@gmail.com
75,13629.0,Erica Humphrey,Adrienne73@gmail.com,2023-09-14,@gmail.com
76,26940.0,Zachary Abbott,Jonathan81@gmail.com,2023-07-15,@gmail.com
77,73735.0,Kathleen Garcia,Randy29@gmail.com,2023-09-17,@gmail.com
78,41835.0,Christine Green PhD,Stephen32@gmail.com,2023-03-28,@gmail.com
79,89815.0,Richard Diaz,Steve5@gmail.com,2024-02-26,@gmail.com
80,84806.0,George Salazar,Kelly57@gmail.com,2023-08-24,@gmail.com
81,11602.0,Elizabeth Jones,Amanda29@gmail.com,2023-12-13,@gmail.com
82,37748.0,Teresa West,John68@gmail.com,2024-01-29,@gmail.com
83,46908.0,Kimberly Jordan,John73@gmail.com,2023-10-14,@gmail.com
84,78960.0,Kyle Odom,Daniel67@gmail.com,2023-05-30,@gmail.com
85,97201.0,Daniel Myers,Ryan95@gmail.com,2023-05-31,@gmail.com
86,37351.0,Rachel Robinson,Traci4@gmail.com,2023-08-14,@gmail.com
87,73668.0,John Carpenter,Jose48@gmail.com,2023-05-17,@gmail.com
88,93072.0,Brandy Cruz,David58@gmail.com,2023-12-14,@gmail.com
89,44073.0,David James,Jennifer95@gmail.com,2023-03-27,@gmail.com
90,33277.0,Michael Curtis,Christine91@gmail.com,2023-07-13,@gmail.com
91,89211.0,Derrick Baker,Andrea94@gmail.com,2024-02-25,@gmail.com
92,75644.0,Nicole Fisher,Breanna80@gmail.com,2023-11-18,@gmail.com
93,59565.0,Sheila Grant,Caleb46@gmail.com,2024-02-17,@gmail.com
94,14899.0,Adam Decker,Matthew8@gmail.com,2023-05-14,@gmail.com
95,95391.0,Brandy Dyer,Robert47@gmail.com,2023-11-25,@gmail.com
96,93866.0,Zachary Diaz,Jean66@gmail.com,2023-09-23,@gmail.com
97,95670.0,Heather Bailey,Christopher39@gmail.com,2023-12-28,@gmail.com
98,92028.0,Tracy Farmer,Willie26@gmail.com,2023-06-23,@gmail.com
99,10237.0,Michael Walker,Richard51@gmail.com,2023-03-22,@gmail.com
100,25605.0,Jim Hansen,Lindsey42@gmail.com,2023-12-15,@gmail.com
101,75143.0,Diane Stewart,Richard77@gmail.com,2023-05-25,@gmail.com
102,66660.0,Margaret Kaufman,Terry63@gmail.com,2023-10-27,@gmail.com
103,52755.0,Alexandra Daniel,Crystal39@gmail.com,2023-12-29,@gmail.com
104,88053.0,Laura Castillo,David67@gmail.com,2023-07-29,@gmail.com
105,74006.0,Gabriel Lamb,Curtis52@gmail.com,2023-06-15,@gmail.com
106,82037.0,Jennifer Stone,Cameron78@gmail.com,2023-11-26,@gmail.com
107,64755.0,Natasha Carroll,Luke43@gmail.com,2023-12-31,@gmail.com
108,77277.0,Nathan Nelson,Ann36@gmail.com,2023-08-27,@gmail.com
109,79487.0,Elizabeth Rowe,Erica20@gmail.com,2024-02-24,@gmail.com
110,77202.0,Jamie Morales,Richard68@gmail.com,2023-10-14,@gmail.com
111,61206.0,Alexandria Gonzalez,Brandon98@gmail.com,2023-11-30,@gmail.com
112,79248.0,Gregory Reed,Teresa13@gmail.com,2023-12-27,@gmail.com
113,61351.0,Megan Rice,Danielle48@gmail.com,2023-06-17,@gmail.com
114,76742.0,Matthew Holland,Phillip42@gmail.com,2024-02-29,@gmail.com
115,11288.0,Olivia Shea,Kristin80@gmail.com,2023-03-14,@gmail.com
116,38118.0,Thomas Stein,Charles6@gmail.com,2023-06-15,@gmail.com
117,74050.0,Ryan Brown,David23@gmail.com,2023-09-15,@gmail.com
118,68547.0,Shannon Cooper,Connor76@gmail.com,2023-08-28,@gmail.com
119,72352.0,Connie Hill,Cynthia77@gmail.com,2023-12-23,@gmail.com
120,32937.0,Adrienne Wright,Candace61@gmail.com,2023-03-19,@gmail.com
121,58115.0,Julie Moore,Nicholas97@gmail.com,2023-09-20,@gmail.com
122,58363.0,William Mcclain,Latoya48@gmail.com,2023-05-26,@gmail.com
123,71025.0,Tim Graham,Larry12@gmail.com,2024-01-29,@gmail.com
124,39803.0,Joy Allen,Christopher60@gmail.com,2023-11-22,@gmail.com
125,28554.0,Carla Stein,Lynn54@gmail.com,2023-08-15,@gmail.com
126,84475.0,Carl Jenkins,Janice60@gmail.com,2023-12-18,@gmail.com
127,89086.0,Ronald Kim,Bruce5@gmail.com,2023-03-28,@gmail.com
128,21224.0,Anne Larson,Megan75@gmail.com,2023-03-22,@gmail.com
129,16846.0,Fernando Lawson,David43@gmail.com,2023-08-29,@gmail.com
130,11135.0,Brenda Webster,Stephen32@gmail.com,2024-02-29,@gmail.com
131,57550.0,Miss Adrienne Walker MD,Angela57@gmail.com,2023-12-30,@gmail.com
132,19537.0,David Parker,Betty83@gmail.com,2023-10-26,@gmail.com
133,40113.0,Jack Davies,Anthony34@gmail.com,2023-10-14,@gmail.com
134,57144.0,Melissa Jones,Calvin99@gmail.com,2023-12-15,@gmail.com
135,80366.0,Steven Sullivan,Matthew19@gmail.com,2023-07-29,@gmail.com
136,49922.0,Veronica Gregory,Todd76@gmail.com,2023-04-18,@gmail.com
137,29333.0,Justin Jackson,Barbara12@gmail.com,2023-04-25,@gmail.com
138,73664.0,Ann Douglas,Trevor77@gmail.com,2023-03-21,@gmail.com
139,11577.0,Mrs. Kimberly Austin MD,Beverly23@gmail.com,2023-07-15,@gmail.com
140,13265.0,Victoria Mclaughlin,Heather3@gmail.com,2023-09-20,@gmail.com
141,78509.0,Joshua Hatfield,Wendy13@gmail.com,2023-10-13,@gmail.com
142,18932.0,Karina Wade,Frances39@gmail.com,2023-09-30,@gmail.com
143,15698.0,Debbie Sanchez,Daniel89@gmail.com,2024-02-19,@gmail.com
144,78206.0,Ana Perez,Evan40@gmail.com,2023-05-19,@gmail.com
145,33661.0,Susan Lester,Tony93@gmail.com,2023-09-23,@gmail.com
146,28588.0,David Colon,Stephanie56@gmail.com,2023-08-25,@gmail.com
147,62301.0,Travis Jones,Meghan23@gmail.com,2023-07-28,@gmail.com
148,76133.0,Cathy Cooper,Andrew82@gmail.com,2024-02-27,@gmail.com
149,17558.0,William Lee,Christine98@gmail.com,2023-03-23,@gmail.com
150,95531.0,Holly Gordon,Wendy96@gmail.com,2023-03-27,@gmail.com
151,74812.0,David Johnson,Richard34@gmail.com,2023-11-22,@gmail.com
152,84556.0,Rebecca Alvarado,Denise49@gmail.com,2023-11-19,@gmail.com
153,91124.0,Allen Calderon,Chelsea47@gmail.com,2023-03-26,@gmail.com
154,13082.0,Daniel Patel,Melissa66@gmail.com,2024-02-15,@gmail.com
155,68375.0,Savannah Casey,Michael19@gmail.com,2023-09-15,@gmail.com
156,89187.0,Keith Wise,Amanda64@gmail.com,2023-09-30,@gmail.com
157,24363.0,Jennifer Crawford,Isabel14@gmail.com,2024-02-15,@gmail.com
158,90471.0,Ann Walker,Stacy75@gmail.com,2023-08-13,@gmail.com
159,23951.0,Lisa Flores,William7@gmail.com,2023-12-23,@gmail.com
160,98991.0,Connie Murphy,Tony57@gmail.com,2023-05-19,@gmail.com
161,74342.0,Alyssa Mitchell,Keith84@gmail.com,2023-03-30,@gmail.com
162,48869.0,Lisa Tucker,Donald88@gmail.com,2024-02-15,@gmail.com
163,97487.0,Joshua Brown,Nathan56@gmail.com,2023-06-28,@gmail.com
164,47017.0,Mark Carter,Loretta15@gmail.com,2023-09-18,@gmail.com
165,82024.0,David Rowe,Andrea26@gmail.com,2023-07-17,@gmail.com
166,61101.0,Gregory Wagner,James86@gmail.com,2024-01-31,@gmail.com
167,21798.0,Cynthia Mckenzie,Angel79@gmail.com,2023-08-27,@gmail.com
168,55940.0,Theresa Harvey,Mitchell35@gmail.com,2023-12-15,@gmail.com
169,35446.0,Pamela Campbell,Laura29@gmail.com,2023-07-18,@gmail.com
170,69500.0,Brian Ortiz,Zachary50@gmail.com,2023-03-15,@gmail.com
171,28591.0,Theresa Diaz,Levi6@gmail.com,2023-04-18,@gmail.com
172,34792.0,Linda Smith,Kenneth94@gmail.com,2023-12-14,@gmail.com
173,75243.0,Susan Juarez,Kara95@gmail.com,2024-01-20,@gmail.com
174,36084.0,Heather Johnson,Jasmin96@gmail.com,2023-06-26,@gmail.com
175,85291.0,Scott Porter,William51@gmail.com,2023-10-18,@gmail.com
176,16683.0,Sara Martinez,Lisa82@gmail.com,2023-05-15,@gmail.com
177,60481.0,Renee Manning,Kevin60@gmail.com,2023-03-26,@gmail.com
178,91698.0,Terry Gaines,Amber47@gmail.com,2024-02-28,@gmail.com
179,44721.0,Rebekah Marsh,Ashley29@gmail.com,2023-06-21,@gmail.com
180,35547.0,William Thomas,Brad28@gmail.com,2023-10-31,@gmail.com
181,50869.0,Christina Taylor,Sean72@gmail.com,2024-02-17,@gmail.com
182,42358.0,Melissa Williams,Katrina76@gmail.com,2023-03-29,@gmail.com
183,73353.0,Ryan Cook,Justin71@gmail.com,2023-03-18,@gmail.com
184,13610.0,Roberta Ford,Deborah81@gmail.com,2023-04-29,@gmail.com
185,29811.0,Wyatt Spencer,Rebecca58@gmail.com,2023-06-26,@gmail.com
186,79548.0,Patricia Nguyen,Ana58@gmail.com,2023-09-24,@gmail.com
187,15597.0,Kelly Smith,Ellen26@gmail.com,2023-04-27,@gmail.com
188,27115.0,John Woods,Daniel43@gmail.com,2023-07-28,@gmail.com
189,73862.0,Deanna Johnson,Dana69@gmail.com,2023-08-25,@gmail.com
190,62489.0,Sarah Jenkins,Seth91@gmail.com,2023-03-15,@gmail.com
191,38393.0,Mario Sparks,Jeremy49@gmail.com,2023-05-13,@gmail.com
192,14771.0,Jennifer Rogers,Joseph72@gmail.com,2023-04-23,@gmail.com
193,89926.0,Javier Wright,Brian21@gmail.com,2023-08-30,@gmail.com
194,93000.0,Justin Martin,Roger16@gmail.com,2023-07-19,@gmail.com
195,99453.0,Catherine Poole,Ryan78@gmail.com,2023-11-30,@gmail.com
196,60009.0,Diane Martinez,Jacqueline26@gmail.com,2023-11-16,@gmail.com
197,30224.0,Mary Garcia,Alexander14@gmail.com,2023-11-23,@gmail.com
198,74095.0,Michelle Johnston,Alexa61@gmail.com,2023-10-20,@gmail.com
199,68480.0,Jonathan Smith,Brandon80@gmail.com,2023-11-30,@gmail.com
200,57044.0,Lindsey Bowman,John39@gmail.com,2023-11-27,@gmail.com
201,30563.0,Pedro Estrada,Elizabeth30@gmail.com,2024-01-25,@gmail.com
202,66017.0,Christopher Parker,Chelsea47@gmail.com,2023-12-14,@gmail.com
203,45899.0,Laura Butler,Francisco97@gmail.com,2023-04-16,@gmail.com
204,18515.0,Jennifer Salinas,Rachel55@gmail.com,2024-01-30,@gmail.com
205,75652.0,Marissa Nguyen,Jon26@gmail.com,2023-06-22,@gmail.com
206,17165.0,David Williams,Christopher90@gmail.com,2023-05-19,@gmail.com
207,82260.0,John Arroyo,Eric89@gmail.com,2023-09-13,@gmail.com
208,28607.0,Darren Higgins,Evan72@gmail.com,2023-03-15,@gmail.com
209,13793.0,Marie Robinson,Julie53@gmail.com,2023-07-22,@gmail.com
210,21174.0,Brianna Williamson,Madison34@gmail.com,2024-02-26,@gmail.com
211,33107.0,Brittany Munoz,John99@gmail.com,2023-12-26,@gmail.com
212,13081.0,Carolyn Johnson,Drew85@gmail.com,2024-01-31,@gmail.com
213,17458.0,Tracy Morrison,Jose8@gmail.com,2023-12-13,@gmail.com
214,77374.0,Crystal Vasquez,Joseph96@gmail.com,2023-09-24,@gmail.com
215,15891.0,Sue Parker,Melanie63@gmail.com,2023-04-18,@gmail.com
216,98301.0,David Gill,Steven86@gmail.com,2023-03-27,@gmail.com
217,14091.0,Gary Murphy,Mark64@gmail.com,2023-04-27,@gmail.com
218,17901.0,William Carrillo,Sheila52@gmail.com,2023-09-22,@gmail.com
219,77311.0,Deanna Miller,Kristen41@gmail.com,2024-01-26,@gmail.com
220,38047.0,Brittany Williams,Linda82@gmail.com,2024-01-26,@gmail.com
221,64636.0,Kelly Molina,Alexis28@gmail.com,2024-01-26,@gmail.com
222,82551.0,April Scott,Tiffany95@gmail.com,2023-08-15,@gmail.com
223,83650.0,Alexander Padilla,Mary16@gmail.com,2023-06-18,@gmail.com
224,89029.0,James Romero,Maria96@gmail.com,2023-05-28,@gmail.com
225,49192.0,Steven Miller,Ryan76@gmail.com,2023-09-21,@gmail.com
226,63588.0,Hector Hampton,Jessica14@gmail.com,2023-10-14,@gmail.com
227,64153.0,Joshua Hurley,Gene14@gmail.com,2023-12-19,@gmail.com
228,71298.0,Alicia Brown,Heather58@gmail.com,2023-03-21,@gmail.com
229,80072.0,Danielle Hopkins,Kyle97@gmail.com,2023-05-13,@gmail.com
230,64275.0,Mrs. Taylor Dixon,Alexandra85@gmail.com,2023-04-20,@gmail.com
231,96958.0,Brian Juarez,Pamela69@gmail.com,2023-09-21,@gmail.com
232,63956.0,Don Huffman,Kara76@gmail.com,2023-05-18,@gmail.com
233,82346.0,Kathleen Stephens,Juan40@gmail.com,2023-04-18,@gmail.com
234,31998.0,Patrick Smith,Michelle44@gmail.com,2023-09-25,@gmail.com
235,28302.0,Jennifer Larson,Sergio50@gmail.com,2023-07-23,@gmail.com
236,22848.0,William Chavez,Makayla80@gmail.com,2023-05-23,@gmail.com
237,22042.0,Sharon Peters,Nathan37@gmail.com,2023-07-31,@gmail.com
238,38014.0,Michael Anderson,Dakota67@gmail.com,2023-09-20,@gmail.com
239,29568.0,Monica Beltran,Karen4@gmail.com,2023-09-15,@gmail.com
240,43434.0,Nancy Smith,Donna97@gmail.com,2023-10-25,@gmail.com
241,30209.0,Julie Mcdonald,Patrick69@gmail.com,2023-03-15,@gmail.com
242,80891.0,Lisa Newman,Christine16@gmail.com,2024-02-15,@gmail.com
243,14984.0,Gary Jackson,Joseph55@gmail.com,2023-07-29,@gmail.com
244,55747.0,James Brown,Julia64@gmail.com,2023-03-30,@gmail.com
245,82021.0,Blake Dougherty,Joshua12@gmail.com,2023-08-30,@gmail.com
246,23547.0,Jeremy Spencer,Jeffrey92@gmail.com,2023-11-20,@gmail.com
247,41485.0,Kevin Reyes,Melissa38@gmail.com,2023-09-23,@gmail.com
248,12790.0,Nicole Diaz,Brenda25@gmail.com,2023-03-21,@gmail.com
249,84624.0,James Robinson,Victoria86@gmail.com,2024-01-21,@gmail.com
250,15041.0,Zachary Rodriguez,Nancy16@gmail.com,2023-11-17,@gmail.com
251,19347.0,John Santos,Alan10@gmail.com,2023-05-23,@gmail.com
252,22107.0,Scott Burke,Brandy95@gmail.com,2023-05-13,@gmail.com
253,72463.0,Curtis Martin,Richard44@gmail.com,2023-03-14,@gmail.com
254,72707.0,Miranda Gallagher,Laura43@gmail.com,2023-09-27,@gmail.com
255,41496.0,Olivia Russell,Jared86@gmail.com,2023-06-17,@gmail.com
256,85908.0,Kevin Mckinney,Gary50@gmail.com,2023-03-20,@gmail.com
257,10010.0,Ryan Smith,Emma94@gmail.com,2023-09-24,@gmail.com
258,55609.0,Andrea Hudson,Kimberly39@gmail.com,2024-01-31,@gmail.com
259,26560.0,Guy Hunter DDS,Albert71@gmail.com,2023-11-20,@gmail.com
260,75834.0,Cassandra Ross,Joshua37@gmail.com,2023-06-13,@gmail.com
261,51655.0,Amy Marsh,Christopher18@gmail.com,2023-10-21,@gmail.com
262,14341.0,Gabriella Frazier,Robin58@gmail.com,2023-07-13,@gmail.com
263,84643.0,Daniel Kelley,Kevin87@gmail.com,2023-03-13,@gmail.com
264,75024.0,Alicia Spencer,Joseph16@gmail.com,2023-05-31,@gmail.com
265,23314.0,Angela Davis,Tyler76@gmail.com,2023-11-16,@gmail.com
266,82606.0,John Kelly,Cheryl57@gmail.com,2023-10-18,@gmail.com
267,66590.0,Ashley Clark,Alicia1@gmail.com,2023-11-14,@gmail.com
268,89973.0,Veronica Miles,Peter93@gmail.com,2023-09-17,@gmail.com
269,12267.0,Shawna Perez,Anna95@gmail.com,2024-01-15,@gmail.com
270,11789.0,Ronald Wallace,Douglas49@gmail.com,2023-06-19,@gmail.com
271,29257.0,Charlene Chambers,Sandy51@gmail.com,2023-09-15,@gmail.com
272,21397.0,Shelley Tran,Brian36@gmail.com,2024-01-31,@gmail.com
273,51531.0,Kayla Harris,Billy36@gmail.com,2023-07-16,@gmail.com
274,82677.0,Marissa Barnett,Kenneth34@gmail.com,2023-03-23,@gmail.com
275,66020.0,Austin Mills,Tara90@gmail.com,2023-07-23,@gmail.com
276,97549.0,Brady Stanley,Jordan16@gmail.com,2023-11-26,@gmail.com
277,61308.0,James Davis,Kayla57@gmail.com,2023-10-27,@gmail.com
278,97143.0,Michael Marshall,Matthew41@gmail.com,2023-12-23,@gmail.com
279,93553.0,Nathaniel Kim,Brianna70@gmail.com,2023-06-20,@gmail.com
280,36836.0,Cody Anderson,Andrea94@gmail.com,2023-05-24,@gmail.com
281,62308.0,Jillian Harrison,Erika61@gmail.com,2023-08-19,@gmail.com
282,41424.0,Elizabeth Oliver,Lucas93@gmail.com,2023-05-20,@gmail.com
283,44339.0,Elizabeth Craig,Jason14@gmail.com,2023-05-29,@gmail.com
284,95441.0,Mr. Mark Thornton,Patrick22@gmail.com,2023-05-31,@gmail.com
285,99652.0,Jennifer Ferguson,Candace26@gmail.com,2023-11-30,@gmail.com
286,87457.0,Michelle Murray,John72@gmail.com,2023-03-27,@gmail.com
287,64065.0,Samantha Jacobs,Miranda28@gmail.com,2023-08-31,@gmail.com
288,54307.0,Stephanie Harrell,Megan84@gmail.com,2024-02-21,@gmail.com
289,70095.0,Rachel Holt,Heidi2@gmail.com,2023-05-19,@gmail.com
290,38452.0,Jonathan Hunter,Mary85@gmail.com,2023-05-21,@gmail.com
291,75535.0,Tracy Rivers,Courtney64@gmail.com,2023-10-25,@gmail.com
292,87221.0,Kathy Stevens,Joanna29@gmail.com,2023-10-29,@gmail.com
293,55447.0,Christine Leonard,Gabrielle74@gmail.com,2024-01-19,@gmail.com
294,30568.0,Laurie Mcpherson,Robert34@gmail.com,2024-01-26,@gmail.com
295,85092.0,Danielle Fritz,Tamara61@gmail.com,2023-06-16,@gmail.com
296,44613.0,Jessica Wood,Trevor54@gmail.com,2023-12-30,@gmail.com
297,23098.0,Susan Cross,Alicia63@gmail.com,2023-10-21,@gmail.com
298,22172.0,Mary Perez,Robin63@gmail.com,2023-05-15,@gmail.com
299,84952.0,Lori Moreno,Karen72@gmail.com,2023-12-25,@gmail.com
300,91219.0,Erik Miller,Jason29@gmail.com,2023-05-17,@gmail.com
301,10034.0,Zachary Allen,David63@gmail.com,2023-08-16,@gmail.com
302,32654.0,Keith Wells,Ray16@gmail.com,2023-09-28,@gmail.com
303,57072.0,Larry Brooks,Ryan91@gmail.com,2024-01-16,@gmail.com
304,35285.0,Christopher Morrison,Mary90@gmail.com,2024-01-28,@gmail.com
305,26630.0,Jason Palmer,Michael50@gmail.com,2024-01-25,@gmail.com
306,39903.0,Dylan Bradshaw,Jermaine19@gmail.com,2023-10-22,@gmail.com
307,13113.0,Sara Lowe,Andrew12@gmail.com,2024-02-16,@gmail.com
308,19828.0,Jessica Curtis,Heather85@gmail.com,2023-05-25,@gmail.com
309,52937.0,Amanda Campbell,Joshua10@gmail.com,2023-07-26,@gmail.com
310,99926.0,Donald Parsons,Aaron36@gmail.com,2023-10-20,@gmail.com
311,61016.0,Diana Johnson,Lydia1@gmail.com,2023-12-26,@gmail.com
312,92763.0,Ashley Sutton,Sarah89@gmail.com,2023-05-14,@gmail.com
313,58475.0,David Cruz,Eugene73@gmail.com,2023-07-25,@gmail.com
314,48638.0,Jose Mendez,Sherri83@gmail.com,2024-01-13,@gmail.com
315,53695.0,Jake Maxwell,Kayla3@gmail.com,2023-06-18,@gmail.com
316,30201.0,Christopher Willis,Bob82@gmail.com,2023-04-21,@gmail.com
317,55765.0,Scott Walters,Kevin50@gmail.com,2023-11-20,@gmail.com
318,42277.0,Dr. Karen Hunter,Karen10@gmail.com,2023-10-31,@gmail.com
319,69759.0,Angela Simmons,Jose77@gmail.com,2023-10-19,@gmail.com
320,99728.0,Jeffrey Powers,Jerry39@gmail.com,2024-01-13,@gmail.com
321,26836.0,Ashley Richards,Mark66@gmail.com,2023-03-17,@gmail.com
322,95686.0,Nicholas Clark,Christopher50@gmail.com,2023-09-28,@gmail.com
323,39378.0,William Hall,Charles3@gmail.com,2024-01-18,@gmail.com
324,32074.0,Carrie Wood,John58@gmail.com,2023-08-19,@gmail.com
325,52886.0,David Thompson,Ariel75@gmail.com,2023-09-22,@gmail.com
326,11510.0,Nathan Miller,Sandra71@gmail.com,2023-06-28,@gmail.com
327,43096.0,Shelly Herrera,Shawn80@gmail.com,2024-01-14,@gmail.com
328,75878.0,David Robbins,Glenn65@gmail.com,2023-12-24,@gmail.com
329,27712.0,Justin Wilkinson,Alicia79@gmail.com,2023-09-24,@gmail.com
330,77726.0,Jackie Tran,Timothy63@gmail.com,2023-12-25,@gmail.com
331,54956.0,Steven Rodriguez,Mitchell73@gmail.com,2023-06-30,@gmail.com
332,19827.0,Jessica Young,James23@gmail.com,2023-05-24,@gmail.com
333,79759.0,Eric Abbott,Emily16@gmail.com,2023-11-16,@gmail.com
334,98627.0,Paige Reyes,Emma22@gmail.com,2024-02-15,@gmail.com
335,56100.0,Stephanie Clark,Gary66@gmail.com,2023-12-25,@gmail.com
336,94632.0,Mrs. Robin Chandler DVM,John53@gmail.com,2023-07-23,@gmail.com
337,53724.0,Christine Dickerson,Daniel64@gmail.com,2023-07-21,@gmail.com
338,25317.0,Rodney Hurst,Mark42@gmail.com,2023-05-21,@gmail.com
339,34494.0,Craig Rhodes,Cynthia8@gmail.com,2024-01-30,@gmail.com
340,91021.0,Veronica Paul,Bailey13@gmail.com,2023-04-19,@gmail.com
341,62504.0,Todd Weber,Janice42@gmail.com,2024-02-17,@gmail.com
342,13222.0,Aaron Wallace,Colleen32@gmail.com,2023-11-18,@gmail.com
343,68262.0,Rodney Moore,Kirk65@gmail.com,2023-06-13,@gmail.com
344,71691.0,Wyatt Smith,Cody90@gmail.com,2023-03-16,@gmail.com
345,38301.0,Tracy Wells,Dennis20@gmail.com,2023-05-13,@gmail.com
346,59260.0,Mariah Brown,Deborah44@gmail.com,2023-04-14,@gmail.com
347,62358.0,Connie Barrett,Marie72@gmail.com,2023-08-14,@gmail.com
348,67578.0,Heather Meyer,Richard74@gmail.com,2023-08-19,@gmail.com
349,97500.0,Lori Green,Pamela26@gmail.com,2023-09-17,@gmail.com
350,91020.0,Adrian Thomas,Erin80@gmail.com,2023-12-25,@gmail.com
351,89664.0,William Ferrell,Christine96@gmail.com,2023-12-18,@gmail.com
352,92303.0,Karen Smith,Stephen99@gmail.com,2023-07-31,@gmail.com
353,99702.0,Maria Wood,Samantha45@gmail.com,2023-04-15,@gmail.com
354,82799.0,Garrett Long,Amanda94@gmail.com,2023-12-21,@gmail.com
355,26044.0,Andrew Spencer,Shannon3@gmail.com,2023-07-13,@gmail.com
356,50204.0,Jessica Kim,Sean95@gmail.com,2023-10-22,@gmail.com
357,38033.0,Joshua Meyer,Carrie23@gmail.com,2023-03-23,@gmail.com
358,79032.0,Samuel Bennett,Kathy49@gmail.com,2023-05-28,@gmail.com
359,24295.0,Christopher Guzman MD,Hannah67@gmail.com,2023-03-25,@gmail.com
360,27012.0,Adam Gould MD,Angela1@gmail.com,2023-04-23,@gmail.com
361,97869.0,John Anderson,Michael56@gmail.com,2024-01-31,@gmail.com
362,49240.0,Karen Griffin,Matthew27@gmail.com,2023-05-29,@gmail.com
363,52872.0,David Burgess,Bobby10@gmail.com,2023-05-18,@gmail.com
364,48957.0,Bailey Blackwell,Ann54@gmail.com,2023-12-17,@gmail.com
365,67267.0,Regina Potts,Kathleen10@gmail.com,2023-12-14,@gmail.com
366,84621.0,Curtis Davis,Rebecca98@gmail.com,2023-03-27,@gmail.com
367,25987.0,Lindsay Lara,Anthony13@gmail.com,2023-10-31,@gmail.com
368,91637.0,Gregg Holland,Javier64@gmail.com,2024-02-21,@gmail.com
369,67468.0,Larry Gordon,Bryan85@gmail.com,2023-07-20,@gmail.com
370,83707.0,Sean Miller,Tara33@gmail.com,2023-03-16,@gmail.com
371,58060.0,Daniel Grant,Brittany71@gmail.com,2023-04-19,@gmail.com
372,18983.0,Melissa Oneill MD,William57@gmail.com,2023-09-13,@gmail.com
373,22001.0,Robert Reed,Stephen50@gmail.com,2023-06-24,@gmail.com
374,29740.0,David Gonzalez,Lindsey81@gmail.com,2024-02-13,@gmail.com
375,63444.0,James Thomas,Diana79@gmail.com,2023-03-16,@gmail.com
376,51131.0,Brittany Foster,John85@gmail.com,2023-11-20,@gmail.com
377,18113.0,Christopher Allen,Antonio74@gmail.com,2023-03-22,@gmail.com
378,88046.0,Gloria Arnold,Barbara5@gmail.com,2023-06-28,@gmail.com
379,47157.0,Vincent Smith,Jeremy90@gmail.com,2024-02-15,@gmail.com
380,13082.0,Tami Bennett,Joshua56@gmail.com,2023-09-24,@gmail.com
381,88199.0,Rachael Hayes MD,Steven83@gmail.com,2023-05-31,@gmail.com
382,38396.0,Jacob Pham,Julie51@gmail.com,2023-07-31,@gmail.com
383,63753.0,Brandy Jones,David74@gmail.com,2023-03-16,@gmail.com
384,16706.0,Jennifer Donaldson,Christine43@gmail.com,2023-12-26,@gmail.com
385,49200.0,Kendra Phillips,Christine34@gmail.com,2023-10-20,@gmail.com
386,34374.0,Emily Flynn,Melanie50@gmail.com,2023-07-31,@gmail.com
387,91863.0,James Ross,Margaret10@gmail.com,2023-04-24,@gmail.com
388,32922.0,Bryan Bailey,Elizabeth93@gmail.com,2023-05-19,@gmail.com
389,59024.0,Rachel Alvarado,Nathan67@gmail.com,2023-11-27,@gmail.com
390,78800.0,Mackenzie Monroe,Katie41@gmail.com,2023-09-20,@gmail.com
391,10590.0,Tina Howard,Chris32@gmail.com,2023-06-20,@gmail.com
392,48914.0,Lee Mendez,Michele17@gmail.com,2023-08-27,@gmail.com
393,30123.0,John Morales,Ashley38@gmail.com,2023-07-14,@gmail.com
394,31788.0,Tyler Jackson,Teresa57@gmail.com,2023-09-14,@gmail.com
395,80380.0,Jimmy Williams,Robert62@gmail.com,2023-09-14,@gmail.com
396,56605.0,John Taylor,Jennifer68@gmail.com,2024-01-30,@gmail.com
397,96194.0,Christopher Ward,Brandy34@gmail.com,2023-12-23,@gmail.com
398,96785.0,Holly Hanson,Rita45@gmail.com,2023-05-22,@gmail.com
399,85806.0,Faith Rubio,Charles89@gmail.com,2023-07-31,@gmail.com
400,20977.0,Cheryl Peterson,Julie86@gmail.com,2023-05-20,@gmail.com
401,30619.0,Brooke Adams,Andrew54@gmail.com,2023-04-25,@gmail.com
402,41114.0,David Henry,Michael39@gmail.com,2023-03-27,@gmail.com
403,67233.0,Christy Herring,Jamie94@gmail.com,2023-03-18,@gmail.com
404,85965.0,Kathleen Mclaughlin,Robert90@gmail.com,2023-06-27,@gmail.com
405,36315.0,Jonathan Baker,Charles53@gmail.com,2023-05-14,@gmail.com
406,20512.0,Cynthia Sullivan,Ashley38@gmail.com,2023-08-26,@gmail.com
407,29801.0,Robert Caldwell,Jesus13@gmail.com,2023-12-27,@gmail.com
408,14240.0,Isaiah Delgado,Tracey71@gmail.com,2023-08-24,@gmail.com
409,93393.0,Lisa Powers,David49@gmail.com,2023-12-19,@gmail.com
410,67978.0,Kristi Fletcher,Regina80@gmail.com,2023-05-21,@gmail.com
411,89977.0,Marcus Martinez,Diane26@gmail.com,2023-06-14,@gmail.com
412,34837.0,Kevin Clark,Adam87@gmail.com,2024-01-31,@gmail.com
413,25331.0,Bryce Snyder,Susan11@gmail.com,2023-04-18,@gmail.com
414,66546.0,Joseph Hernandez,Robin98@gmail.com,2023-05-15,@gmail.com
415,89876.0,Erik Ward,Robin2@gmail.com,2024-02-23,@gmail.com
416,78441.0,Carmen Miller,John17@gmail.com,2023-03-20,@gmail.com
417,74684.0,Lori Hall,Megan52@gmail.com,2023-04-26,@gmail.com
418,47556.0,Julia Lewis,Christine13@gmail.com,2023-11-14,@gmail.com
419,86162.0,Daniel Johnston,Dana93@gmail.com,2023-06-15,@gmail.com
420,78787.0,James Torres,Michael49@gmail.com,2023-07-22,@gmail.com
421,46476.0,Anthony Everett,Jeffrey77@gmail.com,2023-09-26,@gmail.com
422,45792.0,Thomas Meyer,Jeremy74@gmail.com,2023-08-14,@gmail.com
423,35107.0,Jeffrey Pittman,Adam16@gmail.com,2023-07-28,@gmail.com
424,92181.0,Richard Koch,Theresa11@gmail.com,2023-11-15,@gmail.com
425,60842.0,Evan Gonzalez,Dawn92@gmail.com,2023-04-27,@gmail.com
426,75494.0,Kevin Anthony,Kristi62@gmail.com,2023-07-16,@gmail.com
427,42395.0,Miranda Taylor,Debbie71@gmail.com,2023-03-15,@gmail.com
428,48637.0,Melissa Hall,Richard52@gmail.com,2023-03-21,@gmail.com
429,50198.0,Christine Rodriguez,Christy30@gmail.com,2023-04-30,@gmail.com
430,53507.0,Jennifer Trujillo,Kaitlyn47@gmail.com,2023-09-24,@gmail.com
431,28383.0,Lori Lewis,Bonnie76@gmail.com,2023-09-20,@gmail.com
432,58240.0,Kevin White,Ashley80@gmail.com,2023-03-27,@gmail.com
433,83111.0,Carlos Turner,Diamond84@gmail.com,2023-04-29,@gmail.com
434,87307.0,Sarah Howe,Anna23@gmail.com,2024-02-23,@gmail.com
435,58469.0,Pamela Love,Isaiah47@gmail.com,2023-08-22,@gmail.com
436,25687.0,Dana Walsh,Matthew86@gmail.com,2023-04-30,@gmail.com
437,40494.0,Alison Manning,Christopher19@gmail.com,2023-06-28,@gmail.com
438,84885.0,Tina Berger,Lisa24@gmail.com,2023-05-28,@gmail.com
439,45379.0,Nicole Graham,Pamela21@gmail.com,2023-10-28,@gmail.com
440,63110.0,Sara Flynn,Leah53@gmail.com,2023-12-13,@gmail.com
441,29243.0,Jason Martin,Rachel33@gmail.com,2024-01-15,@gmail.com
442,68016.0,Joseph Garcia,Joshua94@gmail.com,2023-08-16,@gmail.com
443,41091.0,Jennifer Riley,Kayla65@gmail.com,2023-06-30,@gmail.com
444,61160.0,Rebecca Chapman,Patricia10@gmail.com,2023-04-18,@gmail.com
445,30517.0,Kenneth Liu,Lori20@gmail.com,2023-08-28,@gmail.com
446,50038.0,Larry Young,Daniel65@gmail.com,2024-01-29,@gmail.com
447,92166.0,Amber Johnson,Deborah75@gmail.com,2024-01-15,@gmail.com
448,99485.0,James Fox,Kayla30@gmail.com,2023-11-17,@gmail.com
449,22730.0,Laura Porter,Paul30@gmail.com,2023-11-19,@gmail.com
450,19765.0,Sarah Stokes,Mark52@gmail.com,2023-05-22,@gmail.com
451,89698.0,Justin Williams,Jared44@gmail.com,2023-06-17,@gmail.com
452,59205.0,Shannon Salinas,Jason7@gmail.com,2023-10-27,@gmail.com
453,80736.0,John Davis,Lindsey10@gmail.com,2023-05-15,@gmail.com
454,61898.0,Jessica Schwartz,Jonathan64@gmail.com,2023-04-21,@gmail.com
455,55179.0,Arthur Wall,Nicole30@gmail.com,2023-08-29,@gmail.com
456,25201.0,David Rodriguez,Roger75@gmail.com,2023-10-29,@gmail.com
457,31904.0,Robert Robinson,Gary16@gmail.com,2023-05-21,@gmail.com
458,63349.0,Ryan Nguyen,Scott79@gmail.com,2023-05-19,@gmail.com
459,25668.0,Isaac Martinez,Jessica73@gmail.com,2023-06-26,@gmail.com
460,54781.0,William Evans,Anna58@gmail.com,2023-11-19,@gmail.com
461,98992.0,Joshua Flores,Cole40@gmail.com,2023-07-25,@gmail.com
462,27459.0,Michael Cantu MD,Carolyn84@gmail.com,2023-09-19,@gmail.com
463,44530.0,Deanna Reyes,Kristin36@gmail.com,2023-04-14,@gmail.com
464,95367.0,Susan Smith,Paul88@gmail.com,2023-04-13,@gmail.com
465,80771.0,Eduardo Rubio,Jason10@gmail.com,2023-08-24,@gmail.com
466,51540.0,Jerome Hooper,Cristian56@gmail.com,2023-12-16,@gmail.com
467,77765.0,Jason Morgan,Ashley14@gmail.com,2023-07-30,@gmail.com
468,62881.0,Taylor Rios,Kara76@gmail.com,2023-05-29,@gmail.com
469,38305.0,Todd Buckley,Leonard15@gmail.com,2023-09-13,@gmail.com
470,30791.0,Denise Valdez,Andrea48@gmail.com,2023-08-17,@gmail.com
471,52288.0,Christopher Stanley,Michael45@gmail.com,2023-08-18,@gmail.com
472,54153.0,Olivia Crawford MD,Katie7@gmail.com,2023-11-29,@gmail.com
473,11546.0,Christopher Gallagher,Jasmine95@gmail.com,2024-02-22,@gmail.com
474,96917.0,Natalie Young,Courtney39@gmail.com,2023-04-13,@gmail.com
475,10358.0,Larry Herring,Laura74@gmail.com,2023-12-20,@gmail.com
476,86690.0,Stephanie Wright,Julie58@gmail.com,2023-06-26,@gmail.com
477,94075.0,Garrett Montgomery,Lisa99@gmail.com,2023-05-29,@gmail.com
478,36059.0,Christopher Cantu,Cathy47@gmail.com,2024-01-22,@gmail.com
479,59111.0,Craig Wall,Alexander7@gmail.com,2023-04-19,@gmail.com
480,77007.0,Maria Smith,Jessica30@gmail.com,2023-03-27,@gmail.com
481,64584.0,Marcus Hampton,Taylor16@gmail.com,2023-03-17,@gmail.com
482,45809.0,Phillip Grimes,Janet51@gmail.com,2023-06-28,@gmail.com
483,44619.0,Shannon Gilbert,Blake57@gmail.com,2023-09-19,@gmail.com
484,23082.0,Elizabeth Lowery,Mary88@gmail.com,2023-12-20,@gmail.com
485,22810.0,Jack Robertson,Sarah43@gmail.com,2023-10-18,@gmail.com
486,65036.0,Kim Wells,Edgar72@gmail.com,2023-06-18,@gmail.com
487,40666.0,Peter Howard,Joseph8@gmail.com,2024-01-28,@gmail.com
488,24486.0,Tamara Griffin,Melinda38@gmail.com,2023-05-16,@gmail.com
489,22950.0,Harry Lewis,Teresa77@gmail.com,2023-09-29,@gmail.com
490,26794.0,Andrea Foster,Kristina16@gmail.com,2023-12-22,@gmail.com
491,67189.0,Lance Wright,Jasmine40@gmail.com,2023-04-29,@gmail.com
492,70505.0,Patricia Long,Charles21@gmail.com,2023-06-24,@gmail.com
493,41566.0,Robert Clay,Anna48@gmail.com,2023-05-26,@gmail.com
494,40105.0,Bobby Levine,Brianna61@gmail.com,2023-10-20,@gmail.com
495,86129.0,Theresa Richards,Tommy63@gmail.com,2023-10-14,@gmail.com
496,56160.0,Sarah Thomas,Rachel30@gmail.com,2023-03-20,@gmail.com
497,79667.0,Molly Coleman,Janice55@gmail.com,2024-02-13,@gmail.com
498,38427.0,Monique Lopez,Crystal60@gmail.com,2023-10-16,@gmail.com
499,53327.0,Elizabeth Mckenzie,Katherine88@gmail.com,2023-08-22,@gmail.com
500,72455.0,Michelle King,Denise22@gmail.com,2023-04-25,@gmail.com
501,50882.0,Tracy Chen,Harold4@gmail.com,2023-10-31,@gmail.com
502,68407.0,John Long,Katherine84@gmail.com,2023-08-19,@gmail.com
503,10053.0,Kayla Wood,Dana18@gmail.com,2023-09-14,@gmail.com
504,20235.0,Mark Jones,Jessica48@gmail.com,2023-11-28,@gmail.com
505,27890.0,Vickie Butler,Brittany79@gmail.com,2023-08-16,@gmail.com
506,56025.0,Sarah Olson,Jason48@gmail.com,2023-07-20,@gmail.com
507,64750.0,David Wheeler,Richard67@gmail.com,2023-10-30,@gmail.com
508,52768.0,Mark Lee,John30@gmail.com,2023-06-22,@gmail.com
509,85745.0,Andrea Braun,Robert1@gmail.com,2023-03-25,@gmail.com
510,82284.0,Thomas Stuart,Wendy79@gmail.com,2023-12-20,@gmail.com
511,30836.0,Jessica Austin,John61@gmail.com,2023-11-24,@gmail.com
512,52125.0,Jennifer Hansen,Kathleen39@gmail.com,2023-05-25,@gmail.com
513,80515.0,Jennifer Hayes,Michaela58@gmail.com,2023-05-15,@gmail.com
514,18393.0,Carol Burns,Christina17@gmail.com,2023-09-16,@gmail.com
515,76575.0,Lauren Flores,Tara2@gmail.com,2023-10-26,@gmail.com
516,48330.0,Roy Choi,Marc84@gmail.com,2023-07-21,@gmail.com
517,87975.0,Mr. David Mccullough,Danielle45@gmail.com,2023-05-23,@gmail.com
518,77556.0,Ronald Barry,Justin17@gmail.com,2023-11-30,@gmail.com
519,63646.0,Douglas Gaines MD,Mark32@gmail.com,2023-12-27,@gmail.com
520,46752.0,Paul Hickman,James33@gmail.com,2023-04-16,@gmail.com
521,83091.0,Joseph Elliott,Lisa64@gmail.com,2024-02-22,@gmail.com
522,64795.0,Molly Hahn,Michael59@gmail.com,2023-12-30,@gmail.com
523,72392.0,Elizabeth Campbell,Peter21@gmail.com,2023-06-23,@gmail.com
524,74692.0,Andrea Nielsen,Timothy96@gmail.com,2023-06-16,@gmail.com
525,11002.0,Judith Parsons,Sherry25@gmail.com,2023-05-17,@gmail.com
526,98401.0,Lauren Lowery,Mark75@gmail.com,2023-03-20,@gmail.com
527,57306.0,Amanda Carter,Lindsay1@gmail.com,2024-01-31,@gmail.com
528,41185.0,Hunter Harris,Alan6@gmail.com,2023-11-21,@gmail.com
529,98235.0,Timothy Griffin,Erin33@gmail.com,2023-04-29,@gmail.com
530,18203.0,Shelby Martinez,Linda39@gmail.com,2023-05-22,@gmail.com
531,82319.0,Leslie Salazar,Robert89@gmail.com,2023-04-17,@gmail.com
532,99144.0,Michelle Green,Kelly1@gmail.com,2024-01-13,@gmail.com
533,95341.0,Sandra Knight,Brian53@gmail.com,2023-11-28,@gmail.com
534,39339.0,Alexis Miller,John27@gmail.com,2023-11-28,@gmail.com
535,46990.0,Eric Roth,Joel9@gmail.com,2023-12-22,@gmail.com
536,59715.0,Jeffrey Warren,William38@gmail.com,2023-04-23,@gmail.com
537,33442.0,Gregory Johnson,Adam69@gmail.com,2023-10-22,@gmail.com
538,23605.0,Kelly Curtis,Justin65@gmail.com,2024-02-14,@gmail.com
539,40003.0,David Smith,Harry65@gmail.com,2023-07-14,@gmail.com
540,69714.0,Christopher Ramirez,Jessica87@gmail.com,2023-08-27,@gmail.com
541,95971.0,Andrea Drake,Tina43@gmail.com,2023-12-20,@gmail.com
542,71857.0,Rachel Mcintosh,Bailey51@gmail.com,2024-02-20,@gmail.com
543,19992.0,Karina Miller,John42@gmail.com,2023-05-28,@gmail.com
544,65399.0,Christopher Kane,Jessica52@gmail.com,2023-09-21,@gmail.com
545,11047.0,Todd Brown,Ryan31@gmail.com,2023-08-13,@gmail.com
546,68446.0,Autumn Cross,Laurie27@gmail.com,2023-10-15,@gmail.com
547,93258.0,Kristen Evans,Christopher11@gmail.com,2023-06-22,@gmail.com
548,99821.0,Frank Dougherty,Jacob99@gmail.com,2023-10-21,@gmail.com
549,64491.0,Laura Morrison,Kenneth94@gmail.com,2023-08-16,@gmail.com
550,85209.0,Jason Valdez,Amber42@gmail.com,2023-03-20,@gmail.com
551,85685.0,Ariana Soto,Michael34@gmail.com,2023-04-22,@gmail.com
552,66000.0,Mrs. Janice Williams DVM,Lori89@gmail.com,2023-06-27,@gmail.com
553,61804.0,James Wilson,Brandon75@gmail.com,2023-08-25,@gmail.com
554,25588.0,Joseph Baker,Robert37@gmail.com,2023-05-13,@gmail.com
555,60424.0,Donald Gonzales,Michelle12@gmail.com,2024-02-17,@gmail.com
556,65704.0,Adrienne Ortega,Karen12@gmail.com,2024-02-14,@gmail.com
557,63228.0,Patrick Nelson,Mercedes75@gmail.com,2023-10-18,@gmail.com
558,78864.0,Brandon Carson,David41@gmail.com,2023-09-22,@gmail.com
559,80242.0,Stacey Hubbard,Christina17@gmail.com,2024-01-18,@gmail.com
560,77939.0,Julian Johnson,Andrea4@gmail.com,2023-05-16,@gmail.com
561,16832.0,Elizabeth Morrow,Angel72@gmail.com,2023-06-30,@gmail.com
562,75343.0,Bethany Mckenzie,Paul49@gmail.com,2024-01-17,@gmail.com
563,34041.0,Jordan Ellis,Matthew83@gmail.com,2024-02-25,@gmail.com
564,81600.0,Douglas Brown,Sheila2@gmail.com,2023-03-23,@gmail.com
565,25545.0,Dr. Anna Sawyer MD,Dawn31@gmail.com,2023-10-30,@gmail.com
566,66247.0,Kenneth Rollins,Nicole96@gmail.com,2024-01-27,@gmail.com
567,94966.0,Norma Taylor,Eric12@gmail.com,2023-07-16,@gmail.com
568,48717.0,Elizabeth Moore,John95@gmail.com,2024-02-28,@gmail.com
569,53898.0,Jason Christian PhD,Joseph93@gmail.com,2023-10-19,@gmail.com
570,63208.0,Jose Montoya,Amber85@gmail.com,2023-11-19,@gmail.com
571,64344.0,Darrell Brown,John13@gmail.com,2023-11-28,@gmail.com
572,84942.0,Cassandra Hernandez,Robert93@gmail.com,2023-10-29,@gmail.com
573,22358.0,Sarah Cardenas,Tracy4@gmail.com,2023-09-21,@gmail.com
574,63313.0,Dr. Elizabeth Mcclure,Melissa83@gmail.com,2023-05-19,@gmail.com
575,29643.0,Jennifer Arnold,Lonnie61@gmail.com,2023-07-19,@gmail.com
576,77537.0,Mrs. Amy Acosta,Tracy45@gmail.com,2023-05-30,@gmail.com
577,34127.0,Matthew Barker,Nathan8@gmail.com,2023-03-27,@gmail.com
578,26809.0,Caleb Duran,Malik78@gmail.com,2023-09-14,@gmail.com
579,90417.0,Duane Lewis,Madison55@gmail.com,2023-12-15,@gmail.com
580,19062.0,Nicholas Erickson,Holly88@gmail.com,2023-12-16,@gmail.com
581,60978.0,Carrie Ramirez,Jeffrey76@gmail.com,2023-12-21,@gmail.com
582,37473.0,Kevin Stewart,Sandra86@gmail.com,2024-02-13,@gmail.com
583,35060.0,Joann Perez,Heather94@gmail.com,2023-09-18,@gmail.com
584,10818.0,Jacob Jenkins,Tracy64@gmail.com,2023-12-19,@gmail.com
585,72096.0,Steven Mendez,Rachel67@gmail.com,2023-07-27,@gmail.com
586,85264.0,Richard Warren,Jasmine90@gmail.com,2023-11-21,@gmail.com
587,70514.0,Michael Berry,Brian14@gmail.com,2023-04-22,@gmail.com
588,58298.0,John Lewis,Brandon31@gmail.com,2023-07-17,@gmail.com
589,21647.0,Kelly Edwards,Christopher36@gmail.com,2023-12-26,@gmail.com
590,91304.0,Stephen Silva,Peter64@gmail.com,2023-05-23,@gmail.com
591,78751.0,Christopher Sosa,Adam4@gmail.com,2023-06-22,@gmail.com
592,75360.0,Kelly Hunt,Amanda15@gmail.com,2023-10-22,@gmail.com
593,75805.0,Christina Smith,Linda21@gmail.com,2024-01-21,@gmail.com
594,28012.0,Michele Richardson,Robert80@gmail.com,2024-02-25,@gmail.com
595,71751.0,Leonard Small,Brian23@gmail.com,2024-02-21,@gmail.com
596,76123.0,Kelsey Mueller,Marisa100@gmail.com,2023-08-19,@gmail.com
597,53008.0,Linda Kramer,Jesse71@gmail.com,2024-01-25,@gmail.com
598,32781.0,Sandra Young,Sean98@gmail.com,2023-08-24,@gmail.com
599,26258.0,Richard Huerta,Michele30@gmail.com,2024-02-25,@gmail.com
600,27158.0,Karen Wilson,Joshua21@gmail.com,2024-01-20,@gmail.com
601,94849.0,Terrence Miller,Lori30@gmail.com,2023-10-22,@gmail.com
602,15824.0,Dylan Allen,Gregory19@gmail.com,2023-10-13,@gmail.com
603,74960.0,Colton Hickman,Brittany31@gmail.com,2023-05-23,@gmail.com
604,59697.0,Louis Norman,Stephanie50@gmail.com,2023-09-29,@gmail.com
605,82406.0,Ryan Parker,Ricardo83@gmail.com,2024-01-20,@gmail.com
606,87876.0,Michelle Bell,Cassandra26@gmail.com,2023-06-25,@gmail.com
607,51880.0,Kelly Davis,Jeffrey65@gmail.com,2023-04-16,@gmail.com
608,45265.0,Erik Nelson,James32@gmail.com,2023-12-15,@gmail.com
609,68556.0,James Palmer,Adam78@gmail.com,2023-10-30,@gmail.com
610,48759.0,Ruben Stephens,Daniel83@gmail.com,2024-02-27,@gmail.com
611,61969.0,Angela Wagner,Jason68@gmail.com,2023-04-30,@gmail.com
612,17186.0,Scott Cooper,Marc18@gmail.com,2023-05-18,@gmail.com
613,71852.0,Sabrina Cox,Brandon8@gmail.com,2023-09-28,@gmail.com
614,18189.0,Allison Allen,Edward92@gmail.com,2023-06-20,@gmail.com
615,96271.0,Lisa Ortiz,Angela3@gmail.com,2024-02-23,@gmail.com
616,65878.0,Matthew Fisher,Audrey44@gmail.com,2023-12-23,@gmail.com
617,80999.0,Jodi Gonzales,Jennifer45@gmail.com,2023-08-29,@gmail.com
618,78021.0,Terri Manning,Roger94@gmail.com,2023-10-30,@gmail.com
619,44109.0,Ronnie Smith,Douglas50@gmail.com,2023-06-16,@gmail.com
620,89482.0,Randy Arroyo,Kimberly47@gmail.com,2024-01-17,@gmail.com
621,83246.0,William Padilla,Jill50@gmail.com,2023-10-29,@gmail.com
622,69592.0,Katherine Levy,Jennifer54@gmail.com,2023-12-13,@gmail.com
623,92831.0,Scott Hernandez,Juan34@gmail.com,2023-10-28,@gmail.com
624,54456.0,Peter Taylor,Arthur28@gmail.com,2023-05-21,@gmail.com
625,20161.0,Jason Holland,Tracie32@gmail.com,2023-04-22,@gmail.com
626,21303.0,Julie Mason MD,Jennifer80@gmail.com,2023-10-25,@gmail.com
627,29154.0,Emily Hansen,Brittany72@gmail.com,2023-12-17,@gmail.com
628,29443.0,Carrie Wright,Danielle20@gmail.com,2024-02-21,@gmail.com
629,92321.0,Daniel Ford,Billy87@gmail.com,2023-04-15,@gmail.com
630,84290.0,Stacey Smith,David49@gmail.com,2023-10-18,@gmail.com
631,99758.0,Nancy Johnson,Kendra92@gmail.com,2023-05-18,@gmail.com
632,18369.0,Kelly Stewart,Nichole67@gmail.com,2023-09-20,@gmail.com
633,39883.0,Nicholas Williams,Shannon71@gmail.com,2023-09-15,@gmail.com
634,63298.0,Angela Hubbard,Zachary67@gmail.com,2023-05-25,@gmail.com
635,28244.0,Robert Perry,Michael59@gmail.com,2023-03-14,@gmail.com
636,79759.0,Craig Hall,Jessica42@gmail.com,2023-04-17,@gmail.com
637,95665.0,Heather Robles,Amy73@gmail.com,2023-07-22,@gmail.com
638,56571.0,Scott Patterson,Amber34@gmail.com,2024-02-14,@gmail.com
639,17088.0,James Phillips,Brittany21@gmail.com,2023-12-23,@gmail.com
640,16676.0,Vanessa Cruz,James79@gmail.com,2024-01-17,@gmail.com
641,98251.0,Kathleen Fowler,Kurt96@gmail.com,2023-12-29,@gmail.com
642,10393.0,Kenneth Glover,Debbie19@gmail.com,2023-03-20,@gmail.com
643,81753.0,James Smith,Jose59@gmail.com,2023-03-16,@gmail.com
644,21457.0,Michelle Richards,Andrew14@gmail.com,2023-05-14,@gmail.com
645,32265.0,Michael Mendoza,Kristen41@gmail.com,2023-07-26,@gmail.com
646,40253.0,Jessica Nash,Jason50@gmail.com,2023-03-15,@gmail.com
647,49844.0,Danny Arnold,Amanda48@gmail.com,2023-06-29,@gmail.com
648,44958.0,Andrea Scott,Vanessa43@gmail.com,2023-04-22,@gmail.com
649,86690.0,Jean Meyer,Nicholas7@gmail.com,2023-03-19,@gmail.com
650,45993.0,Daniel Williamson,Marissa51@gmail.com,2023-05-19,@gmail.com
651,33354.0,Donald Smith,Natasha97@gmail.com,2023-12-13,@gmail.com
652,45509.0,Crystal Smith,Monica36@gmail.com,2024-02-24,@gmail.com
653,46256.0,Douglas Hernandez,Stephanie36@gmail.com,2023-08-28,@gmail.com
654,19391.0,Richard Riley,Robert39@gmail.com,2023-03-23,@gmail.com
655,35091.0,Danielle Knapp,Jennifer8@gmail.com,2023-10-18,@gmail.com
656,69470.0,John Powers,Wendy75@gmail.com,2023-12-27,@gmail.com
657,74824.0,Julie Mcintyre,Lucas7@gmail.com,2023-09-19,@gmail.com
658,59915.0,Angela Kirby,Jody69@gmail.com,2023-08-14,@gmail.com
659,94300.0,Angela Padilla,Donna21@gmail.com,2023-09-21,@gmail.com
660,87712.0,Nicholas Christian,Sydney91@gmail.com,2023-07-15,@gmail.com
661,46337.0,Tyrone Becker,Ashley2@gmail.com,2024-02-22,@gmail.com
662,55407.0,Jacob Gonzalez,Jennifer64@gmail.com,2023-04-28,@gmail.com
663,36144.0,Mrs. Jacqueline Decker MD,Gregg32@gmail.com,2023-08-25,@gmail.com
664,66944.0,Jordan Cameron,Debra20@gmail.com,2023-08-20,@gmail.com
665,51805.0,Monica Clark,Vicki9@gmail.com,2023-11-20,@gmail.com
666,50828.0,Emily Morris,Chelsey20@gmail.com,2023-12-29,@gmail.com
667,77483.0,John Jackson,Deborah70@gmail.com,2023-05-14,@gmail.com
668,51298.0,Randy Smith,Joseph30@gmail.com,2024-02-29,@gmail.com
669,47916.0,Dr. Dawn Holland,Heather7@gmail.com,2023-06-20,@gmail.com
670,48692.0,Walter Gibbs,Brianna88@gmail.com,2023-06-30,@gmail.com
671,42825.0,Marissa Evans,Rachel59@gmail.com,2024-01-26,@gmail.com
672,84485.0,Bruce Davis,Michael86@gmail.com,2023-03-13,@gmail.com
673,43539.0,Eric Carson,Steven80@gmail.com,2023-11-27,@gmail.com
674,49432.0,Carol Turner,Kyle57@gmail.com,2023-04-13,@gmail.com
675,49498.0,Joseph Murray,Christina47@gmail.com,2023-07-19,@gmail.com
676,69496.0,Claire Hamilton,Ryan27@gmail.com,2024-02-18,@gmail.com
677,99892.0,Samantha Mills,Tiffany31@gmail.com,2023-03-25,@gmail.com
678,81685.0,Melissa Cole,Dorothy45@gmail.com,2023-04-20,@gmail.com
679,83978.0,Julie Daugherty,Matthew26@gmail.com,2024-01-14,@gmail.com
680,68907.0,Christopher Hernandez,Robert19@gmail.com,2023-09-19,@gmail.com
681,88498.0,Barbara Conway,Brittney94@gmail.com,2023-03-26,@gmail.com
682,67319.0,Donna Smith,Tina66@gmail.com,2023-12-17,@gmail.com
683,84211.0,Chase Parker,Roger47@gmail.com,2024-01-19,@gmail.com
684,45345.0,Joseph Miller,Sarah92@gmail.com,2023-07-14,@gmail.com
685,87155.0,Leah Lambert DVM,Jason37@gmail.com,2023-05-15,@gmail.com
686,41009.0,Erica Anderson,Jason51@gmail.com,2024-01-23,@gmail.com
687,67218.0,Sean Daniels,Jasmine71@gmail.com,2023-05-25,@gmail.com
688,68378.0,Jason Arnold,Anna99@gmail.com,2023-05-24,@gmail.com
689,78829.0,Ruben Vargas,Cassandra19@gmail.com,2023-09-17,@gmail.com
690,34204.0,Bradley Edwards,Michael63@gmail.com,2024-02-24,@gmail.com
691,22560.0,Mark Johnson,Zachary8@gmail.com,2023-09-24,@gmail.com
692,55131.0,Vanessa Roberts,Thomas5@gmail.com,2023-10-28,@gmail.com
693,61657.0,Edward Martin,David55@gmail.com,2024-02-18,@gmail.com
694,38608.0,Lindsey Walters,Sierra1@gmail.com,2023-08-16,@gmail.com
695,80511.0,Peggy Crawford,Kathleen44@gmail.com,2023-07-31,@gmail.com
696,81092.0,Adam Wallace,Alicia50@gmail.com,2023-06-19,@gmail.com
697,24107.0,Annette Chambers,Eric75@gmail.com,2023-07-24,@gmail.com
698,39134.0,Laurie Brock,Justin62@gmail.com,2024-01-17,@gmail.com
699,86417.0,Cynthia Robinson,Beth6@gmail.com,2023-05-21,@gmail.com
700,70241.0,Lisa Lloyd,William25@gmail.com,2023-04-26,@gmail.com
701,96129.0,Amy Gomez,Nicole26@gmail.com,2023-07-29,@gmail.com
702,69985.0,Angel Graham,Lisa14@gmail.com,2023-12-21,@gmail.com
703,65595.0,Richard Clay,Stephen77@gmail.com,2023-03-21,@gmail.com
704,28278.0,Alexandra Powell,Courtney52@gmail.com,2023-07-22,@gmail.com
705,54593.0,Sean Dominguez,Linda1@gmail.com,2023-06-21,@gmail.com
706,39015.0,Sabrina Ochoa,Edward30@gmail.com,2023-08-26,@gmail.com
707,16569.0,Holly Wright,Teresa62@gmail.com,2023-03-27,@gmail.com
708,31874.0,Daniel Mills,Matthew6@gmail.com,2023-06-29,@gmail.com
709,91573.0,Kathryn Douglas,Corey87@gmail.com,2023-08-13,@gmail.com
710,71455.0,Angelica Ross,Angela16@gmail.com,2023-10-21,@gmail.com
711,90412.0,Laura Stokes,Rebecca12@gmail.com,2024-01-20,@gmail.com
712,85325.0,Dennis Manning,William70@gmail.com,2023-12-15,@gmail.com
713,65932.0,Debra Daniels,Anthony90@gmail.com,2023-12-24,@gmail.com
714,56017.0,Danielle Munoz,Ashley69@gmail.com,2023-05-31,@gmail.com
715,27263.0,Veronica Davis,Christopher29@gmail.com,2024-02-13,@gmail.com
716,36579.0,Paul Murillo,Christopher11@gmail.com,2023-08-18,@gmail.com
717,53828.0,Hannah Watts,Pamela67@gmail.com,2023-05-15,@gmail.com
718,63324.0,Dustin Banks,Scott55@gmail.com,2023-03-21,@gmail.com
719,11759.0,Stephen Martin,Tyler6@gmail.com,2023-05-24,@gmail.com
720,48174.0,Franklin Davis,Alexander73@gmail.com,2023-07-29,@gmail.com
721,85142.0,Jeremy Vaughn,Isaac18@gmail.com,2023-08-16,@gmail.com
722,24290.0,Gerald Baker,Elizabeth41@gmail.com,2023-10-15,@gmail.com
723,40216.0,Lisa Hernandez,Christopher13@gmail.com,2023-06-13,@gmail.com
724,95751.0,Mr. Kevin Suarez,Christy84@gmail.com,2023-04-23,@gmail.com
725,55101.0,Deborah Johnson,Alex36@gmail.com,2023-08-22,@gmail.com
726,91825.0,Barbara Burns,Brittany91@gmail.com,2023-10-19,@gmail.com
727,81228.0,Mark Jennings,Katie47@gmail.com,2024-01-28,@gmail.com
728,78238.0,Julie Barrera,Duane14@gmail.com,2023-10-21,@gmail.com
729,81301.0,Jaime Benitez,Leonard41@gmail.com,2023-09-19,@gmail.com
730,38270.0,Brandy Alvarez,Jesse92@gmail.com,2023-06-14,@gmail.com
731,99824.0,Ryan Ho,Michelle84@gmail.com,2023-11-29,@gmail.com
732,52759.0,Megan Hendrix,Kelly86@gmail.com,2024-01-20,@gmail.com
733,59701.0,Sara Maxwell,Monica94@gmail.com,2023-12-15,@gmail.com
734,37430.0,Daniel Dixon,Daniel46@gmail.com,2023-07-28,@gmail.com
735,20921.0,Lisa Duran,Jennifer12@gmail.com,2023-10-20,@gmail.com
736,93004.0,Kathryn Smith,Mark48@gmail.com,2023-10-18,@gmail.com
737,80293.0,Mariah Kelley,Yvette78@gmail.com,2023-05-25,@gmail.com
738,26912.0,Joseph Oneal,Kevin87@gmail.com,2023-11-20,@gmail.com
739,57724.0,John Lucas,Hannah87@gmail.com,2024-01-21,@gmail.com
740,38269.0,Dr. Casey Brown,Sarah24@gmail.com,2023-12-20,@gmail.com
741,83850.0,Brian Cantu,Leslie11@gmail.com,2023-07-16,@gmail.com
742,27320.0,Charlene Pittman,Michael28@gmail.com,2024-02-28,@gmail.com
743,73069.0,Kenneth Ortiz,Gregory19@gmail.com,2023-12-18,@gmail.com
744,37298.0,Alice Brown,Elizabeth55@gmail.com,2023-04-30,@gmail.com
745,76761.0,Lacey Stevens,Benjamin10@gmail.com,2023-09-17,@gmail.com
746,88811.0,Joseph Thompson,Jeffrey25@gmail.com,2023-10-13,@gmail.com
747,22381.0,Brianna Spencer,Lisa48@gmail.com,2023-09-21,@gmail.com
748,64991.0,Lucas Henderson,Rebecca30@gmail.com,2023-03-28,@gmail.com
749,89603.0,Jennifer Lee,Brittany77@gmail.com,2023-05-26,@gmail.com
750,96325.0,Tiffany Chen,Randy38@gmail.com,2024-02-15,@gmail.com
751,75203.0,Thomas Thompson,Debra31@gmail.com,2023-09-24,@gmail.com
752,60686.0,Brendan Le,Kelly12@gmail.com,2023-12-30,@gmail.com
753,15673.0,Renee Floyd,Kimberly13@gmail.com,2024-01-19,@gmail.com
754,23390.0,Rita Giles,Derrick18@gmail.com,2024-01-29,@gmail.com
755,68315.0,Scott Williams,John34@gmail.com,2023-03-23,@gmail.com
756,14880.0,Trevor Brown,David31@gmail.com,2023-11-26,@gmail.com
757,37041.0,Brenda Pierce,Christina91@gmail.com,2023-11-29,@gmail.com
758,66504.0,Mrs. Anna Mills,Whitney23@gmail.com,2023-12-27,@gmail.com
759,77772.0,Lisa Miller,Tara92@gmail.com,2023-05-17,@gmail.com
760,99922.0,Mary Harris,Barbara86@gmail.com,2024-02-18,@gmail.com
761,93171.0,Ashley Mason,Willie38@gmail.com,2023-07-28,@gmail.com
762,56202.0,Michael Scott,James88@gmail.com,2023-07-22,@gmail.com
763,41121.0,Alan Kline,Ashlee65@gmail.com,2023-05-14,@gmail.com
764,66294.0,Elizabeth Lowe,Andrew44@gmail.com,2023-11-29,@gmail.com
765,62016.0,Christopher Luna,Edward6@gmail.com,2023-08-16,@gmail.com
766,40384.0,Sophia Smith,David92@gmail.com,2023-07-24,@gmail.com
767,46642.0,Phillip Jones,Jimmy65@gmail.com,2023-12-16,@gmail.com
768,61967.0,Brittany Mora,Megan69@gmail.com,2024-02-16,@gmail.com
769,81678.0,Emily Obrien,Tyler73@gmail.com,2023-12-20,@gmail.com
770,83007.0,Mark Lee,Suzanne51@gmail.com,2024-02-18,@gmail.com
771,68516.0,Barbara Higgins,Justin2@gmail.com,2023-08-17,@gmail.com
772,27929.0,Julia Melton,Shane30@gmail.com,2023-08-16,@gmail.com
773,15171.0,Edward Berry,Nicholas47@gmail.com,2023-11-28,@gmail.com
774,62862.0,Karen Ramirez,Jeff93@gmail.com,2023-09-18,@gmail.com
775,59454.0,Samantha Davis,Travis73@gmail.com,2023-06-30,@gmail.com
776,48054.0,Antonio Williams,Daniel75@gmail.com,2024-02-17,@gmail.com
777,81469.0,Jennifer Woodard,Rebecca27@gmail.com,2023-12-31,@gmail.com
778,75649.0,Jonathan Mckenzie,Becky88@gmail.com,2023-12-19,@gmail.com
779,82475.0,Erin Thompson,Linda59@gmail.com,2023-07-17,@gmail.com
780,36440.0,Kathleen Callahan,James10@gmail.com,2023-04-21,@gmail.com
781,50131.0,Deborah Floyd,Andre63@gmail.com,2023-03-29,@gmail.com
782,57973.0,Mr. Brian Russell,Christina49@gmail.com,2023-05-31,@gmail.com
783,20347.0,Jason Pearson,Debra12@gmail.com,2023-12-14,@gmail.com
784,57452.0,Jennifer Barron,Dennis30@gmail.com,2023-11-15,@gmail.com
785,83362.0,Kimberly Weber,Kimberly57@gmail.com,2023-11-14,@gmail.com
786,79321.0,Emily Murphy,Kathleen64@gmail.com,2023-12-30,@gmail.com
787,91240.0,Jason Soto,James97@gmail.com,2023-06-18,@gmail.com
788,81807.0,Erica Parks,Eric24@gmail.com,2023-11-21,@gmail.com
789,62235.0,Connor Carter,Robyn73@gmail.com,2023-10-18,@gmail.com
790,85755.0,Diane Curry,Debbie41@gmail.com,2023-11-29,@gmail.com
791,39191.0,Isaac Pratt,Beth54@gmail.com,2023-05-19,@gmail.com
792,67770.0,Johnny Morrow,Tony54@gmail.com,2023-04-27,@gmail.com
793,95957.0,Maria Merritt,Sheila11@gmail.com,2023-03-14,@gmail.com
794,98308.0,Kelly Larson,Sherry84@gmail.com,2023-05-29,@gmail.com
795,24761.0,Dr. Andrew Sparks DVM,Carrie87@gmail.com,2024-02-28,@gmail.com
796,96621.0,Mark Perez,Makayla36@gmail.com,2023-12-28,@gmail.com
797,66507.0,Eduardo Fisher,Jeffrey24@gmail.com,2023-06-19,@gmail.com
798,17870.0,Adam Warren,Jeffery75@gmail.com,2023-10-28,@gmail.com
799,60835.0,Anthony Martinez,Jessica91@gmail.com,2023-03-28,@gmail.com
800,97352.0,Cindy Bryant,Joann57@gmail.com,2023-05-17,@gmail.com
801,78100.0,Kenneth Boyd,Marissa79@gmail.com,2023-06-15,@gmail.com
802,51763.0,Anthony Petersen,Crystal10@gmail.com,2023-03-28,@gmail.com
803,46526.0,Kathryn Charles,David21@gmail.com,2023-12-28,@gmail.com
804,37571.0,Jessica Reed,Christian59@gmail.com,2023-08-13,@gmail.com
805,13127.0,Erica Matthews,Sean12@gmail.com,2024-01-15,@gmail.com
806,17093.0,Marc Steele,Jason73@gmail.com,2024-01-22,@gmail.com
807,67811.0,William Avila,Claudia17@gmail.com,2024-02-24,@gmail.com
808,78251.0,Christopher Flores,Aaron29@gmail.com,2023-05-20,@gmail.com
809,74056.0,Dustin Davis,Andrea32@gmail.com,2023-10-13,@gmail.com
810,24571.0,Sarah Morrow,Erica57@gmail.com,2023-05-20,@gmail.com
811,83255.0,William Morris,Brenda7@gmail.com,2023-10-23,@gmail.com
812,83021.0,Sara Landry,Teresa31@gmail.com,2024-02-18,@gmail.com
813,18305.0,Scott Romero,Joseph17@gmail.com,2023-12-27,@gmail.com
814,40925.0,Michelle Wilkinson,David79@gmail.com,2024-01-15,@gmail.com
815,66562.0,Kelly Carter,Courtney75@gmail.com,2023-07-14,@gmail.com
816,67199.0,Eric Mann,Kathleen86@gmail.com,2024-01-14,@gmail.com
817,14479.0,Ashley Shaffer,Isabel15@gmail.com,2024-01-14,@gmail.com
818,45217.0,Jacqueline Nguyen,John31@gmail.com,2023-03-29,@gmail.com
819,17870.0,Edward Cooper,Karen59@gmail.com,2023-07-29,@gmail.com
820,64056.0,Kevin Hutchinson,Douglas57@gmail.com,2023-05-29,@gmail.com
821,40665.0,Joyce Matthews,Michael25@gmail.com,2023-12-13,@gmail.com
822,65840.0,Robert Bradley,Aaron72@gmail.com,2023-06-17,@gmail.com
823,46850.0,Nathan Nguyen,Tyler37@gmail.com,2023-04-23,@gmail.com
824,41029.0,Jenna Booker,Michael97@gmail.com,2023-03-14,@gmail.com
825,97537.0,Catherine Morrison,Kristy20@gmail.com,2023-07-20,@gmail.com
826,85413.0,Dennis Reid,Colin42@gmail.com,2023-11-25,@gmail.com
827,76343.0,Joseph Smith,Paul21@gmail.com,2023-09-21,@gmail.com
828,40308.0,Sherri Taylor,Gabriel27@gmail.com,2024-02-27,@gmail.com
829,18302.0,Jennifer Jenkins,Patricia36@gmail.com,2023-03-27,@gmail.com
830,59415.0,Gregory Lowe,Michael80@gmail.com,2023-10-26,@gmail.com
831,73383.0,William Singh,Tony77@gmail.com,2023-04-21,@gmail.com
832,19114.0,Emily Pineda,Robert47@gmail.com,2023-08-31,@gmail.com
833,28565.0,Erica Klein,Elizabeth54@gmail.com,2023-10-30,@gmail.com
834,60017.0,Sarah Lee,Laurie36@gmail.com,2023-05-21,@gmail.com
835,50471.0,Cory Olson,Melissa10@gmail.com,2023-12-13,@gmail.com
836,13046.0,Kevin Holt,Kimberly2@gmail.com,2023-05-22,@gmail.com
837,13084.0,Thomas Pena,Frank94@gmail.com,2024-01-27,@gmail.com
838,16833.0,Scott Black,George26@gmail.com,2023-03-29,@gmail.com
839,44608.0,Thomas Sutton,Ronald60@gmail.com,2023-06-26,@gmail.com
840,39012.0,Barbara Williams,Derek62@gmail.com,2023-06-19,@gmail.com
841,31811.0,Jonathan Floyd,Kayla49@gmail.com,2024-01-27,@gmail.com
842,72044.0,Robert Brown MD,Cheryl11@gmail.com,2024-02-24,@gmail.com
843,64198.0,Robert Sanchez,Elizabeth26@gmail.com,2023-05-15,@gmail.com
844,21201.0,Jose Stokes,Andrew30@gmail.com,2023-08-25,@gmail.com
845,32856.0,Joseph Hodges,Bryan70@gmail.com,2023-10-17,@gmail.com
846,34777.0,Jeremy Nelson,Madison2@gmail.com,2023-10-29,@gmail.com
847,90706.0,Scott Griffith MD,Cynthia81@gmail.com,2023-05-22,@gmail.com
848,75177.0,Brian Combs,Joseph62@gmail.com,2024-02-23,@gmail.com
849,77880.0,Peggy Mooney,Ann97@gmail.com,2023-07-14,@gmail.com
850,39884.0,Angela Valdez,Tiffany38@gmail.com,2023-08-26,@gmail.com
851,46504.0,Nancy Thomas,Jocelyn13@gmail.com,2023-11-17,@gmail.com
852,81423.0,Michele Romero,Roger83@gmail.com,2024-02-14,@gmail.com
853,44856.0,Thomas Williams,Dakota43@gmail.com,2023-12-21,@gmail.com
854,71280.0,Samantha Hicks,Adam71@gmail.com,2023-03-17,@gmail.com
855,44754.0,Andrea Barnes,Alyssa14@gmail.com,2023-06-27,@gmail.com
856,30444.0,Melanie Chavez,Jessica20@gmail.com,2023-12-31,@gmail.com
857,99487.0,Carrie Bennett,Christina17@gmail.com,2023-08-24,@gmail.com
858,38748.0,Joshua Brown,Alan87@gmail.com,2023-11-26,@gmail.com
859,84892.0,Danielle Thompson,Robert10@gmail.com,2023-06-29,@gmail.com
860,67537.0,Jon Ruiz,Christopher57@gmail.com,2023-07-15,@gmail.com
861,35587.0,Valerie Vaughn,Jennifer78@gmail.com,2024-01-16,@gmail.com
862,42996.0,Tina Wood,Clinton80@gmail.com,2024-02-20,@gmail.com
863,29807.0,Sabrina Martin,Jennifer84@gmail.com,2023-06-13,@gmail.com
864,84760.0,Joseph Herring,Christopher55@gmail.com,2023-08-16,@gmail.com
865,94814.0,Jennifer West,Kimberly32@gmail.com,2023-10-23,@gmail.com
866,75322.0,Jacqueline Boyd,Melinda66@gmail.com,2023-08-16,@gmail.com
867,83623.0,Miguel Wagner,Nathan24@gmail.com,2023-10-31,@gmail.com
868,78200.0,Aaron Webster,Amber24@gmail.com,2023-05-27,@gmail.com
869,76463.0,Taylor Thompson,Christine61@gmail.com,2023-09-29,@gmail.com
870,49081.0,Dennis Velasquez,Andre25@gmail.com,2023-08-24,@gmail.com
871,46682.0,Ronnie Jordan,Jeremiah97@gmail.com,2024-02-14,@gmail.com
872,87093.0,Antonio Russell,Emily50@gmail.com,2024-01-14,@gmail.com
873,97682.0,Colleen Ward,Derek7@gmail.com,2023-03-13,@gmail.com
874,79582.0,Beth Armstrong,John26@gmail.com,2023-09-14,@gmail.com
875,78128.0,Erin Short,Raven91@gmail.com,2023-12-17,@gmail.com
876,51732.0,Jennifer Trevino,Derek7@gmail.com,2024-02-24,@gmail.com
877,35300.0,Carol Harmon,Shirley45@gmail.com,2023-06-18,@gmail.com
878,60536.0,Tristan Benson,Darryl63@gmail.com,2023-06-16,@gmail.com
879,55576.0,Robert Jackson,Jeffery34@gmail.com,2023-05-27,@gmail.com
880,41654.0,Benjamin Taylor,Diana33@gmail.com,2023-08-31,@gmail.com
881,56058.0,Michael Simmons,William11@gmail.com,2023-11-14,@gmail.com
